Vendor,SKU,Product,Tier1Label,Tier1Price
Annie Selke,PC4912-T,Airlie Embroidered White Duvet Cover Twin/Twin XL,MSRP,$318.00 
Annie Selke,PC4912-FQ,Airlie Embroidered White Duvet Cover Full/Queen,MSRP,$358.00 
Annie Selke,PC4912-K,Airlie Embroidered White Duvet Cover King,MSRP,$378.00 
Annie Selke,PC4908-SHE,Airlie Embroidered White Duvet Sham Euro,MSRP,$78.00 
Annie Selke,PC4908-SHK,Airlie Embroidered White Duvet Sham King,MSRP,$78.00 
Annie Selke,PC4908-SHS,Airlie Embroidered White Duvet Sham Standard,MSRP,$68.00 
Annie Selke,PC4911-S,Airlie Embroidered White Pillowcases Standard,MSRP,$108.00 
Annie Selke,PC4911-K,Airlie Embroidered White Pillowcases King,MSRP,$128.00 
Annie Selke,PC4910-T,Airlie Embroidered White Sheet Set Twin/Twin XL,MSRP,$278.00 
Annie Selke,PC4910-F,Airlie Embroidered White Sheet Set Full,MSRP,$348.00 
Annie Selke,PC4910-Q,Airlie Embroidered White Sheet Set Queen,MSRP,$398.00 
Annie Selke,PC4910-K,Airlie Embroidered White Sheet Set King,MSRP,$458.00 
Annie Selke,PC4910-CK,Airlie Embroidered White Sheet Set California King,MSRP,$498.00 
Annie Selke,PC4881-T,Amelia Blue Quilt Twin/Twin XL,MSRP,$248.00 
Annie Selke,PC4881-FQ,Amelia Blue Quilt Full/Queen,MSRP,$328.00 
Annie Selke,PC4881-K,Amelia Blue Quilt King,MSRP,$378.00 
Annie Selke,PC4883-SHS,Amelia Blue Quilted Sham Standard,MSRP,$58.00 
Annie Selke,PC4883-SHK,Amelia Blue Quilted Sham King,MSRP,$68.00 
Annie Selke,PC4883-SHE,Amelia Blue Quilted Sham Euro,MSRP,$68.00 
Annie Selke,PC4869-T,Amity Navy Quilt Twin/Twin XL,MSRP,$308.00 
Annie Selke,PC4869-FQ,Amity Navy Quilt Full/Queen,MSRP,$398.00 
Annie Selke,PC4869-K,Amity Navy Quilt King,MSRP,$488.00 
Annie Selke,PC4871-SHS,Amity Navy Quilted Sham Standard,MSRP,$98.00 
Annie Selke,PC4871-SHK,Amity Navy Quilted Sham King,MSRP,$118.00 
Annie Selke,PC4871-SHE,Amity Navy Quilted Sham Euro,MSRP,$118.00 
Annie Selke,PC4871-SHD,Amity Navy Quilted Sham Dutch Euro,MSRP,$148.00 
Annie Selke,PC4872-T,Amity Olive Quilt Twin/Twin XL,MSRP,$308.00 
Annie Selke,PC4872-FQ,Amity Olive Quilt Full/Queen,MSRP,$398.00 
Annie Selke,PC4872-K,Amity Olive Quilt King,MSRP,$488.00 
Annie Selke,PC4874-SHS,Amity Olive Quilted Sham Standard,MSRP,$98.00 
Annie Selke,PC4874-SHK,Amity Olive Quilted Sham King,MSRP,$118.00 
Annie Selke,PC4874-SHE,Amity Olive Quilted Sham Euro,MSRP,$118.00 
Annie Selke,PC4874-SHD,Amity Olive Quilted Sham Dutch Euro,MSRP,$148.00 
Annie Selke,PC4875-T,Amity Sand Quilt Twin/Twin XL,MSRP,$308.00 
Annie Selke,PC4875-FQ,Amity Sand Quilt Full/Queen,MSRP,$398.00 
Annie Selke,PC4875-K,Amity Sand Quilt King,MSRP,$488.00 
Annie Selke,PC4877-SHS,Amity Sand Quilted Sham Standard,MSRP,$98.00 
Annie Selke,PC4877-SHK,Amity Sand Quilted Sham King,MSRP,$118.00 
Annie Selke,PC4877-SHE,Amity Sand Quilted Sham Euro,MSRP,$118.00 
Annie Selke,PC4877-SHD,Amity Sand Quilted Sham Dutch Euro,MSRP,$148.00 
Annie Selke,PC4878-T,Amity White Quilt Twin/Twin XL,MSRP,$308.00 
Annie Selke,PC4878-FQ,Amity White Quilt Full/Queen,MSRP,$398.00 
Annie Selke,PC4878-K,Amity White Quilt King,MSRP,$488.00 
Annie Selke,PC4880-SHS,Amity White Quilted Sham Standard,MSRP,$98.00 
Annie Selke,PC4880-SHK,Amity White Quilted Sham King,MSRP,$118.00 
Annie Selke,PC4880-SHE,Amity White Quilted Sham Euro,MSRP,$118.00 
Annie Selke,PC4880-SHD,Amity White Quilted Sham Dutch Euro,MSRP,$148.00 
Annie Selke,PC4844-T,Breeze Stripe Blue/Natural Blanket Twin/Twin XL,MSRP,$218.00 
Annie Selke,PC4844-FQ,Breeze Stripe Blue/Natural Blanket Full/Queen,MSRP,$268.00 
Annie Selke,PC4844-K,Breeze Stripe Blue/Natural Blanket King,MSRP,$328.00 
Annie Selke,PC4846-T,Cape Stripe Navy Blanket Twin/Twin XL,MSRP,$218.00 
Annie Selke,PC4846-FQ,Cape Stripe Navy Blanket Full/Queen,MSRP,$268.00 
Annie Selke,PC4846-K,Cape Stripe Navy Blanket King,MSRP,$328.00 
Annie Selke,PC4884-T,Carolina Stripe Coral Quilt Twin/Twin XL,MSRP,$288.00 
Annie Selke,PC4884-FQ,Carolina Stripe Coral Quilt Full/Queen,MSRP,$358.00 
Annie Selke,PC4884-K,Carolina Stripe Coral Quilt King,MSRP,$418.00 
Annie Selke,PC4886-SHS,Carolina Stripe Coral Quilted Sham Standard,MSRP,$58.00 
Annie Selke,PC4886-SHK,Carolina Stripe Coral Quilted Sham King,MSRP,$68.00 
Annie Selke,PC4886-SHE,Carolina Stripe Coral Quilted Sham Euro,MSRP,$68.00 
Annie Selke,PC4886-SHD,Carolina Stripe Coral Quilted Sham Dutch Euro,MSRP,$78.00 
Annie Selke,PC4887-T,Carolina Stripe French Blue Quilt Twin/Twin XL,MSRP,$288.00 
Annie Selke,PC4887-FQ,Carolina Stripe French Blue Quilt Full/Queen,MSRP,$358.00 
Annie Selke,PC4887-K,Carolina Stripe French Blue Quilt King,MSRP,$418.00 
Annie Selke,PC4889-SHS,Carolina Stripe French Blue Quilted Sham Standard,MSRP,$58.00 
Annie Selke,PC4889-SHK,Carolina Stripe French Blue Quilted Sham King,MSRP,$68.00 
Annie Selke,PC4889-SHE,Carolina Stripe French Blue Quilted Sham Euro,MSRP,$68.00 
Annie Selke,PC4889-SHD,Carolina Stripe French Blue Quilted Sham Dutch Euro,MSRP,$78.00 
Annie Selke,PC4890-T,Carolina Stripe Natural Quilt Twin/Twin XL,MSRP,$288.00 
Annie Selke,PC4890-FQ,Carolina Stripe Natural Quilt Full/Queen,MSRP,$358.00 
Annie Selke,PC4890-K,Carolina Stripe Natural Quilt King,MSRP,$418.00 
Annie Selke,PC4892-SHS,Carolina Stripe Natural Quilted Sham Standard,MSRP,$58.00 
Annie Selke,PC4892-SHK,Carolina Stripe Natural Quilted Sham King,MSRP,$68.00 
Annie Selke,PC4892-SHE,Carolina Stripe Natural Quilted Sham Euro,MSRP,$68.00 
Annie Selke,PC4892-SHD,Carolina Stripe Natural Quilted Sham Dutch Euro,MSRP,$78.00 
Annie Selke,PC4893-T,Carolina Stripe Sky Quilt Twin/Twin XL,MSRP,$288.00 
Annie Selke,PC4893-FQ,Carolina Stripe Sky Quilt Full/Queen,MSRP,$358.00 
Annie Selke,PC4893-K,Carolina Stripe Sky Quilt King,MSRP,$418.00 
Annie Selke,PC4895-SHS,Carolina Stripe Sky Quilted Sham Standard,MSRP,$58.00 
Annie Selke,PC4895-SHK,Carolina Stripe Sky Quilted Sham King,MSRP,$68.00 
Annie Selke,PC4895-SHE,Carolina Stripe Sky Quilted Sham Euro,MSRP,$68.00 
Annie Selke,PC4895-SHD,Carolina Stripe Sky Quilted Sham Dutch Euro,MSRP,$78.00 
Annie Selke,PC4850-T,Charleston Natural Duvet Cover Twin/Twin XL,MSRP,$218.00 
Annie Selke,PC4850-FQ,Charleston Natural Duvet Cover Full/Queen,MSRP,$288.00 
Annie Selke,PC4850-K,Charleston Natural Duvet Cover King,MSRP,$338.00 
Annie Selke,PC4848-SHS,Charleston Natural Duvet Sham Standard,MSRP,$48.00 
Annie Selke,PC4848-SHK,Charleston Natural Duvet Sham King,MSRP,$58.00 
Annie Selke,PC4848-SHE,Charleston Natural Duvet Sham Euro,MSRP,$58.00 
Annie Selke,PC4848-SHD,Charleston Natural Duvet Sham Dutch Euro,MSRP,$78.00 
Annie Selke,PC4851-T,Crinkle Gauze Denim/Natural Blanket Twin/Twin XL,MSRP,$218.00 
Annie Selke,PC4851-FQ,Crinkle Gauze Denim/Natural Blanket Full/Queen,MSRP,$268.00 
Annie Selke,PC4851-K,Crinkle Gauze Denim/Natural Blanket King,MSRP,$328.00 
Annie Selke,PC4921-T,Feather Ogee French Blue Duvet Cover Twin/Twin XL,MSRP,$178.00 
Annie Selke,PC4921-FQ,Feather Ogee French Blue Duvet Cover Full/Queen,MSRP,$218.00 
Annie Selke,PC4921-K,Feather Ogee French Blue Duvet Cover King,MSRP,$268.00 
Annie Selke,PC4922-SHS,Feather Ogee French Blue Sham Standard,MSRP,$38.00 
Annie Selke,PC4922-SHK,Feather Ogee French Blue Sham King,MSRP,$48.00 
Annie Selke,PC4922-SHE,Feather Ogee French Blue Sham Euro,MSRP,$48.00 
Annie Selke,PC4651-T,Feather Ogee French Blue Sheet Set Twin/Twin XL,MSRP,$238.00 
Annie Selke,PC4651-F,Feather Ogee French Blue Sheet Set Full,MSRP,$278.00 
Annie Selke,PC4651-Q,Feather Ogee French Blue Sheet Set Queen,MSRP,$298.00 
Annie Selke,PC4651-K,Feather Ogee French Blue Sheet Set King,MSRP,$348.00 
Annie Selke,PC4923-T,Feather Ogee Sage Duvet Cover Twin/Twin XL,MSRP,$178.00 
Annie Selke,PC4923-FQ,Feather Ogee Sage Duvet Cover Full/Queen,MSRP,$218.00 
Annie Selke,PC4923-K,Feather Ogee Sage Duvet Cover King,MSRP,$268.00 
Annie Selke,PC4924-SHS,Feather Ogee Sage Sham Standard,MSRP,$38.00 
Annie Selke,PC4924-SHK,Feather Ogee Sage Sham King,MSRP,$48.00 
Annie Selke,PC4924-SHE,Feather Ogee Sage Sham Euro,MSRP,$48.00 
Annie Selke,PC4897-T,Fripp Resist Blue Coverlet Twin/Twin XL,MSRP,$248.00 
Annie Selke,PC4897-FQ,Fripp Resist Blue Coverlet Full/Queen,MSRP,$328.00 
Annie Selke,PC4897-K,Fripp Resist Blue Coverlet King,MSRP,$368.00 
Annie Selke,PC4898-SHS,Fripp Resist Blue Coverlet Sham Standard,MSRP,$58.00 
Annie Selke,PC4898-SHK,Fripp Resist Blue Coverlet Sham King,MSRP,$68.00 
Annie Selke,PC4898-SHE,Fripp Resist Blue Coverlet Sham Euro,MSRP,$68.00 
Annie Selke,PC4829-T,Jessa Multi Duvet Cover Twin/Twin XL,MSRP,$198.00 
Annie Selke,PC4829-FQ,Jessa Multi Duvet Cover Full/Queen,MSRP,$248.00 
Annie Selke,PC4829-K,Jessa Multi Duvet Cover King,MSRP,$298.00 
Annie Selke,PC4833-SHS,Jessa Multi Duvet Sham Standard,MSRP,$48.00 
Annie Selke,PC4833-SHE,Jessa Multi Duvet Sham Euro,MSRP,$58.00 
Annie Selke,PC4833-SHK,Jessa Multi Duvet Sham King,MSRP,$58.00 
Annie Selke,PC4853-T,Kiawa Waffle White Duvet Cover Twin/Twin XL,MSRP,$228.00 
Annie Selke,PC4853-FQ,Kiawa Waffle White Duvet Cover Full/Queen,MSRP,$288.00 
Annie Selke,PC4853-K,Kiawa Waffle White Duvet Cover King,MSRP,$348.00 
Annie Selke,PC4855-SHS,Kiawa Waffle White Duvet Sham Standard,MSRP,$38.00 
Annie Selke,PC4855-SHK,Kiawa Waffle White Duvet Sham King,MSRP,$48.00 
Annie Selke,PC4855-SHE,Kiawa Waffle White Duvet Sham Euro,MSRP,$48.00 
Annie Selke,PC4855-SHD,Kiawa Waffle White Duvet Sham Dutch Euro,MSRP,$68.00 
Annie Selke,PC4830-T,Lettie Voile Dove White Quilt Twin/Twin XL,MSRP,$318.00 
Annie Selke,PC4830-FQ,Lettie Voile Dove White Quilt Full/Queen,MSRP,$398.00 
Annie Selke,PC4830-K,Lettie Voile Dove White Quilt King,MSRP,$458.00 
Annie Selke,PC4835-SHS,Lettie Voile Dove White Quilted Sham Standard,MSRP,$54.00 
Annie Selke,PC4835-SHE,Lettie Voile Dove White Quilted Sham Euro,MSRP,$64.00 
Annie Selke,PC4835-SHK,Lettie Voile Dove White Quilted Sham King,MSRP,$64.00 
Annie Selke,PC4900-Q,Lodi Sky Matelasse Coverlet Queen,MSRP,$398.00 
Annie Selke,PC4900-K,Lodi Sky Matelasse Coverlet King,MSRP,$448.00 
Annie Selke,PC4899-SHS,Lodi Sky Matelasse Sham Standard,MSRP,$108.00 
Annie Selke,PC4899-SHK,Lodi Sky Matelasse Sham King,MSRP,$118.00 
Annie Selke,PC4899-SHE,Lodi Sky Matelasse Sham Euro,MSRP,$118.00 
Annie Selke,PC4899-SHD,Lodi Sky Matelasse Sham Dutch Euro,MSRP,$128.00 
Annie Selke,PC4856-T,Lowen Stripe Dusk Blanket Twin/Twin XL,MSRP,$178.00 
Annie Selke,PC4856-FQ,Lowen Stripe Dusk Blanket Full/Queen,MSRP,$228.00 
Annie Selke,PC4856-K,Lowen Stripe Dusk Blanket King,MSRP,$268.00 
Annie Selke,PC4859-T,Lowen Stripe Natural Blanket Twin/Twin XL,MSRP,$178.00 
Annie Selke,PC4859-FQ,Lowen Stripe Natural Blanket Full/Queen,MSRP,$228.00 
Annie Selke,PC4859-K,Lowen Stripe Natural Blanket King,MSRP,$268.00 
Annie Selke,PC4860-T,Lowen Stripe Rose Quartz Blanket Twin/Twin XL,MSRP,$178.00 
Annie Selke,PC4860-FQ,Lowen Stripe Rose Quartz Blanket Full/Queen,MSRP,$228.00 
Annie Selke,PC4860-K,Lowen Stripe Rose Quartz Blanket King,MSRP,$268.00 
Annie Selke,PC4863-T,Lowen Stripe Willow Blanket Twin/Twin XL,MSRP,$178.00 
Annie Selke,PC4863-FQ,Lowen Stripe Willow Blanket Full/Queen,MSRP,$228.00 
Annie Selke,PC4863-K,Lowen Stripe Willow Blanket King,MSRP,$268.00 
Annie Selke,PC4831-T,Monet Natural Quilted Coverlet Twin/Twin XL,MSRP,$278.00 
Annie Selke,PC4831-FQ,Monet Natural Quilted Coverlet Full/Queen,MSRP,$348.00 
Annie Selke,PC4831-K,Monet Natural Quilted Coverlet King,MSRP,$398.00 
Annie Selke,PC4837-SHS,Monet Natural Quilted Coverlet Sham Standard,MSRP,$78.00 
Annie Selke,PC4837-SHE,Monet Natural Quilted Coverlet Sham Euro,MSRP,$88.00 
Annie Selke,PC4837-SHK,Monet Natural Quilted Coverlet Sham King,MSRP,$88.00 
Annie Selke,PC4837-SHD,Monet Natural Quilted Coverlet Sham Dutch Euro,MSRP,$98.00 
Annie Selke,PC4903-T,Monet Sky Quilt Twin,MSRP,$318.00 
Annie Selke,PC4903-FQ,Monet Sky Quilt Full/Queen,MSRP,$398.00 
Annie Selke,PC4903-K,Monet Sky Quilt King,MSRP,$448.00 
Annie Selke,PC4902-SHS,Monet Sky Quilted Sham Standard,MSRP,$88.00 
Annie Selke,PC4902-SHK,Monet Sky Quilted Sham King,MSRP,$108.00 
Annie Selke,PC4902-SHE,Monet Sky Quilted Sham Euro,MSRP,$108.00 
Annie Selke,PC4902-SHD,Monet Sky Quilted Sham Dutch Euro,MSRP,$118.00 
Annie Selke,PC4865-T,Organic Cotton Sky Duvet Cover Twin/Twin XL,MSRP,$168.00 
Annie Selke,PC4865-FQ,Organic Cotton Sky Duvet Cover Full/Queen,MSRP,$228.00 
Annie Selke,PC4865-K,Organic Cotton Sky Duvet Cover King,MSRP,$258.00 
Annie Selke,PC4864-SHS,Organic Cotton Sky Duvet Sham Standard,MSRP,$44.00 
Annie Selke,PC4864-SHK,Organic Cotton Sky Duvet Sham King,MSRP,$54.00 
Annie Selke,PC4864-SHE,Organic Cotton Sky Duvet Sham Euro,MSRP,$54.00 
Annie Selke,PC4866-S,Organic Cotton Sky Pillowcases Standard,MSRP,$58.00 
Annie Selke,PC4866-K,Organic Cotton Sky Pillowcases King,MSRP,$68.00 
Annie Selke,PC4867-T,Organic Cotton Sky Sheet Set Twin/Twin XL,MSRP,$218.00 
Annie Selke,PC4867-F,Organic Cotton Sky Sheet Set Full,MSRP,$248.00 
Annie Selke,PC4867-Q,Organic Cotton Sky Sheet Set Queen,MSRP,$268.00 
Annie Selke,PC4867-K,Organic Cotton Sky Sheet Set King,MSRP,$298.00 
Annie Selke,PC4913-T,Parris Stripe Linen French Blue Quilt Twin/Twin XL,MSRP,$328.00 
Annie Selke,PC4913-FQ,Parris Stripe Linen French Blue Quilt Full/Queen,MSRP,$358.00 
Annie Selke,PC4913-K,Parris Stripe Linen French Blue Quilt King,MSRP,$388.00 
Annie Selke,PC4915-SHS,Parris Stripe Linen French Blue Quilted Sham Standard,MSRP,$68.00 
Annie Selke,PC4915-SHK,Parris Stripe Linen French Blue Quilted Sham King,MSRP,$78.00 
Annie Selke,PC4915-SHE,Parris Stripe Linen French Blue Quilted Sham Euro,MSRP,$78.00 
Annie Selke,PC4905-T,Shores Gauze Dove White Quilt Twin/Twin XL,MSRP,$228.00 
Annie Selke,PC4905-FQ,Shores Gauze Dove White Quilt Full/Queen,MSRP,$298.00 
Annie Selke,PC4905-K,Shores Gauze Dove White Quilt King,MSRP,$348.00 
Annie Selke,PC4907-SHS,Shores Gauze Dove White Quilted Sham Standard,MSRP,$48.00 
Annie Selke,PC4907-SHK,Shores Gauze Dove White Quilted Sham King,MSRP,$58.00 
Annie Selke,PC4907-SHE,Shores Gauze Dove White Quilted Sham Euro,MSRP,$58.00 
Annie Selke,PC4907-SHD,Shores Gauze Dove White Quilted Sham Dutch Euro,MSRP,$68.00 
Annie Selke,PC4917-T,Simons Stripe French Blue Duvet Cover Twin/Twin XL,MSRP,$158.00 
Annie Selke,PC4917-FQ,Simons Stripe French Blue Duvet Cover Full/Queen,MSRP,$178.00 
Annie Selke,PC4917-K,Simons Stripe French Blue Duvet Cover King,MSRP,$198.00 
Annie Selke,PC4918-SHS,Simons Stripe French Blue Duvet Sham Standard,MSRP,$38.00 
Annie Selke,PC4918-SHK,Simons Stripe French Blue Duvet Sham King,MSRP,$48.00 
Annie Selke,PC4918-SHE,Simons Stripe French Blue Duvet Sham Euro,MSRP,$48.00 
Annie Selke,PC4919-S,Simons Stripe French Blue Pillowcases Standard,MSRP,$48.00 
Annie Selke,PC4919-K,Simons Stripe French Blue Pillowcases King,MSRP,$58.00 
Annie Selke,PC4916-T,Simons Stripe French Blue Sheet Set Twin/Twin XL,MSRP,$138.00 
Annie Selke,PC4916-F,Simons Stripe French Blue Sheet Set Full,MSRP,$158.00 
Annie Selke,PC4916-Q,Simons Stripe French Blue Sheet Set Queen,MSRP,$198.00 
Annie Selke,PC4916-K,Simons Stripe French Blue Sheet Set King,MSRP,$218.00 
